"518218","2HGFA16549H518218","https://youtu.be/ZVK6MIJALuI"
"467292","5TDBZRFH3HS467292","https://youtu.be/hHF_PGFAbtM"
"239824","1C4HJWDG4CL239824","https://youtu.be/kgEzwT1CeYI"
"358777","4S4BSANC0F3358777","https://youtu.be/Ps0e8o6OUTw"
"003383","JTDKARFPXH3003383","https://youtu.be/9zl6ESHczYo"
"199234","1HGCR2F39HA199234","https://youtu.be/IY92qDvQ2ZA"
"205330","1C4AJWBG8EL205330","https://youtu.be/k1-iyuV_0Ms"
"577271","2B3LJ54T19H577271","https://youtu.be/FjmqlvsCfow"
"223766","1FADP3L9XGL223766","https://youtu.be/J5NbmVHXWd8"
"006457","WAUBFAFL8FN006457","https://youtu.be/U5jznItfQPg"
"217821","1GCRKSE7XDZ217821","https://youtu.be/bUfMG8L5yP8"
"C-397453","YV140MSL2J2397453","https://youtu.be/ND2_XuUgV9w"
"220956","3C6JR6ATXEG220956","https://youtu.be/szyz5nn83GE"
"R93276","WBA3B9G59FNR93276","https://youtu.be/EtBUO5zL2hU"
"196243","1GCEC14V62Z196243","https://youtu.be/i30fm6APGFc"
